time_min,stage,kind,detail
571.81,outbound,arrive,truck=1;load_kind=flake
600.00,inbound,arrive,truck=1
600.75,outbound,arrive,truck=2;load_kind=flake
605.00,inbound,weigh_in,truck=1
625.00,inbound,unloaded,truck=1
630.00,inbound,depart,truck=1
655.00,sorting,sort_done,truck=1
660.00,inbound,arrive,truck=2
665.00,inbound,weigh_in,truck=2
685.00,inbound,unloaded,truck=2
690.00,inbound,depart,truck=2
697.50,press,pallet_done,pallet=1;buffer=0
715.00,sorting,sort_done,truck=2
720.00,inbound,arrive,truck=3
720.77,outbound,arrive,truck=3;load_kind=scr
725.00,inbound,weigh_in,truck=3
740.00,press,pallet_done,pallet=2;buffer=0
745.00,inbound,unloaded,truck=3
750.00,inbound,depart,truck=3
775.00,sorting,sort_done,truck=3
780.00,inbound,arrive,truck=4
782.50,press,pallet_done,pallet=3;buffer=0
785.00,inbound,weigh_in,truck=4
805.00,inbound,unloaded,truck=4
810.00,inbound,depart,truck=4
821.81,outbound,depart,truck=1;load_kind=flake;ton=0.0
825.00,press,pallet_done,pallet=4;buffer=0
835.00,sorting,sort_done,truck=4
840.00,inbound,arrive,truck=5
845.00,inbound,weigh_in,truck=5
855.00,outbound,depart,truck=2;load_kind=flake;ton=0.0
865.00,inbound,unloaded,truck=5
867.50,press,pallet_done,pallet=5;buffer=0
870.00,inbound,depart,truck=5
895.00,sorting,sort_done,truck=5
900.00,inbound,arrive,truck=6
905.00,inbound,weigh_in,truck=6
910.00,press,pallet_done,pallet=6;buffer=0
921.23,outbound,arrive,truck=4;load_kind=flake
925.00,inbound,unloaded,truck=6
931.23,inbound,depart,truck=6
952.50,press,pallet_done,pallet=7;buffer=0
955.00,sorting,sort_done,truck=6
960.00,inbound,arrive,truck=7
965.00,inbound,weigh_in,truck=7
970.56,outbound,arrive,truck=5;load_kind=flake
975.00,outbound,depart,truck=3;load_kind=scr;ton=0.0
985.00,inbound,unloaded,truck=7
990.00,inbound,depart,truck=7
992.76,outbound,arrive,truck=6;load_kind=scr
995.00,press,pallet_done,pallet=8;buffer=0
995.18,outbound,arrive,truck=7;load_kind=flake
1015.00,sorting,sort_done,truck=7
1020.00,inbound,arrive,truck=8
1025.00,inbound,weigh_in,truck=8
1037.50,press,pallet_done,pallet=9;buffer=0
1045.00,inbound,unloaded,truck=8
1050.00,inbound,depart,truck=8
1075.00,sorting,sort_done,truck=8
1080.00,inbound,arrive,truck=9
1080.00,press,pallet_done,pallet=10;buffer=0
1085.00,inbound,weigh_in,truck=9
1089.63,outbound,arrive,truck=8;load_kind=scr
1105.00,inbound,unloaded,truck=9
1110.00,inbound,depart,truck=9
1112.05,outbound,arrive,truck=9;load_kind=scr
1122.50,press,pallet_done,pallet=11;buffer=0
1135.00,sorting,sort_done,truck=9
1140.00,inbound,arrive,truck=10
1145.00,inbound,weigh_in,truck=10
1165.00,inbound,unloaded,truck=10
1165.00,press,pallet_done,pallet=12;buffer=0
1170.00,inbound,depart,truck=10
1175.00,outbound,depart,truck=4;load_kind=flake;ton=0.0
1195.00,sorting,sort_done,truck=10
1207.50,press,pallet_done,pallet=13;buffer=0
1225.00,outbound,depart,truck=5;load_kind=flake;ton=0.0
1242.76,outbound,depart,truck=6;load_kind=scr;ton=0.0
1247.76,outbound,depart,truck=7;load_kind=flake;ton=0.0
1250.00,press,pallet_done,pallet=14;buffer=0
1261.24,outbound,arrive,truck=10;load_kind=flake
1292.50,press,pallet_done,pallet=15;buffer=0
1335.00,press,pallet_done,pallet=16;buffer=0
1339.63,outbound,depart,truck=8;load_kind=scr;ton=0.0
1362.05,outbound,depart,truck=9;load_kind=scr;ton=0.0
1377.50,press,pallet_done,pallet=17;buffer=0
1408.75,outbound,arrive,truck=11;load_kind=scr
1420.00,press,pallet_done,pallet=18;buffer=0
1446.18,outbound,arrive,truck=12;load_kind=flake
1462.50,press,pallet_done,pallet=19;buffer=0
1505.00,press,pallet_done,pallet=20;buffer=0
1511.24,outbound,depart,truck=10;load_kind=flake;ton=0.0
1547.50,press,pallet_done,pallet=21;buffer=0
1590.00,press,pallet_done,pallet=22;buffer=0
1632.50,press,pallet_done,pallet=23;buffer=0
1658.75,outbound,depart,truck=11;load_kind=scr;ton=0.0
1675.00,press,pallet_done,pallet=24;buffer=0
1696.18,outbound,depart,truck=12;load_kind=flake;ton=0.0
1717.50,press,pallet_done,pallet=25;buffer=0
1729.82,outbound,arrive,truck=13;load_kind=scr
1738.58,outbound,arrive,truck=14;load_kind=flake
1760.00,press,pallet_done,pallet=26;buffer=0
1802.50,press,pallet_done,pallet=27;buffer=0
1845.00,press,pallet_done,pallet=28;buffer=0
1887.50,press,pallet_done,pallet=29;buffer=0
1907.83,outbound,arrive,truck=15;load_kind=scr
1930.00,press,pallet_done,pallet=30;buffer=0
1972.50,press,pallet_done,pallet=31;buffer=0
1979.82,outbound,depart,truck=13;load_kind=scr;ton=0.0
1988.58,outbound,depart,truck=14;load_kind=flake;ton=0.0
2015.00,press,pallet_done,pallet=32;buffer=0
2040.00,inbound,arrive,truck=11
2045.00,inbound,weigh_in,truck=11
2055.94,outbound,arrive,truck=16;load_kind=scr
2057.50,press,pallet_done,pallet=33;buffer=0
2065.00,inbound,unloaded,truck=11
2070.00,inbound,depart,truck=11
2095.00,sorting,sort_done,truck=11
2100.00,inbound,arrive,truck=12
2100.00,press,pallet_done,pallet=34;buffer=0
2105.00,inbound,weigh_in,truck=12
2125.00,inbound,unloaded,truck=12
2125.10,outbound,arrive,truck=17;load_kind=scr
2130.00,inbound,depart,truck=12
2142.50,press,pallet_done,pallet=35;buffer=0
2155.00,sorting,sort_done,truck=12
2157.83,outbound,depart,truck=15;load_kind=scr;ton=0.0
2160.00,inbound,arrive,truck=13
2165.00,inbound,weigh_in,truck=13
2167.91,outbound,arrive,truck=18;load_kind=scr
2185.00,inbound,unloaded,truck=13
2185.00,press,pallet_done,pallet=36;buffer=0
2190.00,inbound,depart,truck=13
2215.00,sorting,sort_done,truck=13
2220.00,inbound,arrive,truck=14
2225.00,inbound,weigh_in,truck=14
2227.50,press,pallet_done,pallet=37;buffer=0
2245.00,inbound,unloaded,truck=14
2250.00,inbound,depart,truck=14
2270.00,press,pallet_done,pallet=38;buffer=0
2275.00,sorting,sort_done,truck=14
2280.00,inbound,arrive,truck=15
2285.00,inbound,weigh_in,truck=15
2305.00,inbound,unloaded,truck=15
2305.94,outbound,depart,truck=16;load_kind=scr;ton=0.0
2310.94,inbound,depart,truck=15
2312.50,press,pallet_done,pallet=39;buffer=0
2327.07,outbound,arrive,truck=19;load_kind=scr
2335.00,sorting,sort_done,truck=15
2340.00,inbound,arrive,truck=16
2345.00,inbound,weigh_in,truck=16
2355.00,press,pallet_done,pallet=40;buffer=0
2365.00,inbound,unloaded,truck=16
2370.00,inbound,depart,truck=16
2380.00,outbound,depart,truck=17;load_kind=scr;ton=0.0
2395.00,sorting,sort_done,truck=16
2397.50,press,pallet_done,pallet=41;buffer=0
2400.00,inbound,arrive,truck=17
2405.00,inbound,weigh_in,truck=17
2417.91,outbound,depart,truck=18;load_kind=scr;ton=0.0
2425.00,inbound,unloaded,truck=17
2430.00,inbound,depart,truck=17
2440.00,press,pallet_done,pallet=42;buffer=0
2455.00,sorting,sort_done,truck=17
2460.00,inbound,arrive,truck=18
2465.00,inbound,weigh_in,truck=18
2482.50,press,pallet_done,pallet=43;buffer=0
2485.00,inbound,unloaded,truck=18
2490.00,inbound,depart,truck=18
2505.12,outbound,arrive,truck=20;load_kind=scr
2515.00,sorting,sort_done,truck=18
2520.00,inbound,arrive,truck=19
2525.00,inbound,weigh_in,truck=19
2525.00,press,pallet_done,pallet=44;buffer=0
2545.00,inbound,unloaded,truck=19
2550.00,inbound,depart,truck=19
2567.50,press,pallet_done,pallet=45;buffer=0
2575.00,sorting,sort_done,truck=19
2577.07,outbound,depart,truck=19;load_kind=scr;ton=0.0
2580.00,inbound,arrive,truck=20
2585.00,inbound,weigh_in,truck=20
2605.00,inbound,unloaded,truck=20
2610.00,inbound,depart,truck=20
2610.00,press,pallet_done,pallet=46;buffer=0
2614.86,outbound,arrive,truck=21;load_kind=flake
2635.00,sorting,sort_done,truck=20
2638.14,outbound,arrive,truck=22;load_kind=flake
2645.62,outbound,arrive,truck=23;load_kind=flake
2652.50,press,pallet_done,pallet=47;buffer=0
2655.21,outbound,arrive,truck=24;load_kind=flake
2695.00,press,pallet_done,pallet=48;buffer=0
2737.50,press,pallet_done,pallet=49;buffer=0
2746.08,outbound,arrive,truck=25;load_kind=scr
2756.08,outbound,depart,truck=20;load_kind=scr;ton=0.0
2780.00,press,pallet_done,pallet=50;buffer=0
2787.69,outbound,arrive,truck=26;load_kind=flake
2815.64,outbound,arrive,truck=27;load_kind=scr
2822.50,press,pallet_done,pallet=51;buffer=0
2864.86,outbound,depart,truck=21;load_kind=flake;ton=0.0
2865.00,press,pallet_done,pallet=52;buffer=0
2888.14,outbound,depart,truck=22;load_kind=flake;ton=0.0
2895.62,outbound,depart,truck=23;load_kind=flake;ton=0.0
2905.21,outbound,depart,truck=24;load_kind=flake;ton=0.0
2907.50,press,pallet_done,pallet=53;buffer=0
2909.62,outbound,arrive,truck=28;load_kind=scr
2926.52,outbound,arrive,truck=29;load_kind=scr
2942.57,outbound,arrive,truck=30;load_kind=scr
2950.00,press,pallet_done,pallet=54;buffer=0
2992.50,press,pallet_done,pallet=55;buffer=0
2996.08,outbound,depart,truck=25;load_kind=scr;ton=0.0
3035.00,press,pallet_done,pallet=56;buffer=0
3037.69,outbound,depart,truck=26;load_kind=flake;ton=0.0
3065.64,outbound,depart,truck=27;load_kind=scr;ton=0.0
3077.50,press,pallet_done,pallet=57;buffer=0
3120.00,press,pallet_done,pallet=58;buffer=0
3159.62,outbound,depart,truck=28;load_kind=scr;ton=0.0
3162.50,press,pallet_done,pallet=59;buffer=0
3176.52,outbound,depart,truck=29;load_kind=scr;ton=0.0
3192.57,outbound,depart,truck=30;load_kind=scr;ton=0.0
3205.00,press,pallet_done,pallet=60;buffer=0
3247.50,press,pallet_done,pallet=61;buffer=0
3290.00,press,pallet_done,pallet=62;buffer=0
3332.50,press,pallet_done,pallet=63;buffer=0
3332.50,melting,batch_collected,furnace=1;pallets=32
3352.85,outbound,arrive,truck=31;load_kind=scr
3375.00,press,pallet_done,pallet=64;buffer=0
3375.00,melting,batch_collected,furnace=2;pallets=32
3417.50,press,pallet_done,pallet=65;buffer=1
3426.11,outbound,arrive,truck=32;load_kind=scr
3460.00,press,pallet_done,pallet=66;buffer=2
3480.00,inbound,arrive,truck=21
3485.00,inbound,weigh_in,truck=21
3502.50,press,pallet_done,pallet=67;buffer=3
3505.00,inbound,unloaded,truck=21
3510.00,inbound,depart,truck=21
3535.00,sorting,sort_done,truck=21
3540.00,inbound,arrive,truck=22
3545.00,inbound,weigh_in,truck=22
3545.00,press,pallet_done,pallet=68;buffer=4
3565.00,inbound,unloaded,truck=22
3570.00,inbound,depart,truck=22
3587.50,press,pallet_done,pallet=69;buffer=5
3592.67,outbound,arrive,truck=33;load_kind=scr
3595.00,sorting,sort_done,truck=22
3600.00,inbound,arrive,truck=23
3602.50,melting,elevator_done,furnace=1;trips=16
3602.85,outbound,depart,truck=31;load_kind=scr;ton=0.0
3607.85,inbound,weigh_in,truck=23
3616.08,outbound,arrive,truck=34;load_kind=flake
3627.85,inbound,unloaded,truck=23
3630.00,press,pallet_done,pallet=70;buffer=6
3632.85,inbound,depart,truck=23
3650.19,outbound,arrive,truck=35;load_kind=flake
3652.50,melting,elevator_done,furnace=2;trips=16
3657.85,sorting,sort_done,truck=23
3660.00,inbound,arrive,truck=24
3665.00,inbound,weigh_in,truck=24
3671.51,outbound,arrive,truck=36;load_kind=scr
3672.50,press,pallet_done,pallet=71;buffer=7
3676.11,outbound,depart,truck=32;load_kind=scr;ton=0.0
3685.00,inbound,unloaded,truck=24
3690.00,inbound,depart,truck=24
3715.00,sorting,sort_done,truck=24
3715.00,press,pallet_done,pallet=72;buffer=8
3720.00,inbound,arrive,truck=25
3722.50,melting,melt_start,furnace=1
3725.00,inbound,weigh_in,truck=25
3745.00,inbound,unloaded,truck=25
3750.00,inbound,depart,truck=25
3757.50,press,pallet_done,pallet=73;buffer=9
3772.50,melting,melt_start,furnace=2
3775.00,sorting,sort_done,truck=25
3780.00,inbound,arrive,truck=26
3785.00,inbound,weigh_in,truck=26
3800.00,press,pallet_done,pallet=74;buffer=10
3805.00,inbound,unloaded,truck=26
3810.00,inbound,depart,truck=26
3835.00,sorting,sort_done,truck=26
3840.00,inbound,arrive,truck=27
3842.50,press,pallet_done,pallet=75;buffer=11
3842.67,outbound,depart,truck=33;load_kind=scr;ton=0.0
3847.67,inbound,weigh_in,truck=27
3859.65,outbound,arrive,truck=37;load_kind=scr
3867.67,inbound,unloaded,truck=27
3869.65,outbound,depart,truck=34;load_kind=flake;ton=0.0
3874.65,inbound,depart,truck=27
3885.00,press,pallet_done,pallet=76;buffer=12
3897.67,sorting,sort_done,truck=27
3900.00,inbound,arrive,truck=28
3900.19,outbound,depart,truck=35;load_kind=flake;ton=0.0
3905.19,inbound,weigh_in,truck=28
3925.19,inbound,unloaded,truck=28
3926.11,outbound,depart,truck=36;load_kind=scr;ton=0.0
3927.50,press,pallet_done,pallet=77;buffer=13
3931.11,inbound,depart,truck=28
3955.19,sorting,sort_done,truck=28
3955.55,outbound,arrive,truck=38;load_kind=scr
3960.00,inbound,arrive,truck=29
3965.55,inbound,weigh_in,truck=29
3970.00,press,pallet_done,pallet=78;buffer=14
3985.55,inbound,unloaded,truck=29
3990.55,inbound,depart,truck=29
4012.50,press,pallet_done,pallet=79;buffer=15
4015.55,sorting,sort_done,truck=29
4020.00,inbound,arrive,truck=30
4025.00,inbound,weigh_in,truck=30
4045.00,inbound,unloaded,truck=30
4050.00,inbound,depart,truck=30
4055.00,press,pallet_done,pallet=80;buffer=16
4075.00,sorting,sort_done,truck=30
4097.50,press,pallet_done,pallet=81;buffer=17
4109.65,outbound,depart,truck=37;load_kind=scr;ton=0.0
4140.00,press,pallet_done,pallet=82;buffer=18
4176.93,outbound,arrive,truck=39;load_kind=scr
4182.50,press,pallet_done,pallet=83;buffer=19
4204.62,outbound,arrive,truck=40;load_kind=flake
4205.55,outbound,depart,truck=38;load_kind=scr;ton=0.0
4225.00,press,pallet_done,pallet=84;buffer=20
4267.50,press,pallet_done,pallet=85;buffer=21
4278.79,outbound,arrive,truck=41;load_kind=flake
4310.00,press,pallet_done,pallet=86;buffer=22
4352.50,press,pallet_done,pallet=87;buffer=23
4357.86,outbound,arrive,truck=42;load_kind=scr
4395.00,press,pallet_done,pallet=88;buffer=24
4403.74,outbound,arrive,truck=43;load_kind=flake
4426.93,outbound,depart,truck=39;load_kind=scr;ton=0.0
4437.50,press,pallet_done,pallet=89;buffer=25
4442.50,melting,melt_done,furnace=1
4455.55,outbound,depart,truck=40;load_kind=flake;ton=0.0
4480.00,press,pallet_done,pallet=90;buffer=26
4492.50,melting,melt_done,furnace=2
4522.50,press,pallet_done,pallet=91;buffer=27
4528.79,outbound,depart,truck=41;load_kind=flake;ton=0.0
4565.00,press,pallet_done,pallet=92;buffer=28
4592.50,casting,flake_done,furnace=1;units=24
4599.50,outbound,depart,truck=42;load_kind=scr;ton=20.0
4605.70,outbound,depart,truck=43;load_kind=flake;ton=22.0
4607.50,press,pallet_done,pallet=93;buffer=29
4650.00,press,pallet_done,pallet=94;buffer=30
4652.50,casting,flake_done,furnace=2;units=24
4672.50,casting,scr_done,furnace=1;units=14
4672.50,melting,batch_done,furnace=1
4692.50,press,pallet_done,pallet=95;buffer=0
4735.00,press,pallet_done,pallet=96;buffer=0
4735.00,melting,batch_collected,furnace=1;pallets=32
4777.50,press,pallet_done,pallet=97;buffer=1
4812.50,casting,scr_done,furnace=2;units=14
4812.50,melting,batch_done,furnace=2
4820.00,press,pallet_done,pallet=98;buffer=0
4862.50,press,pallet_done,pallet=99;buffer=0
4895.00,melting,elevator_done,furnace=1;trips=16
4905.00,press,pallet_done,pallet=100;buffer=0
4920.00,inbound,arrive,truck=31
4925.00,inbound,weigh_in,truck=31
4944.34,outbound,arrive,truck=44;load_kind=scr
4945.00,inbound,unloaded,truck=31
4947.50,press,pallet_done,pallet=101;buffer=0
4952.91,outbound,arrive,truck=45;load_kind=flake
4954.34,inbound,depart,truck=31
4963.37,outbound,arrive,truck=46;load_kind=scr
4966.34,outbound,depart,truck=44;load_kind=scr;ton=20.0
4975.00,sorting,sort_done,truck=31
4977.54,outbound,depart,truck=45;load_kind=flake;ton=22.0
4980.00,inbound,arrive,truck=32
4985.00,inbound,weigh_in,truck=32
4990.00,outbound,depart,truck=46;load_kind=scr;ton=20.0
4990.00,press,pallet_done,pallet=102;buffer=0
5005.00,inbound,unloaded,truck=32
5010.00,inbound,depart,truck=32
5015.00,melting,melt_start,furnace=1
5032.50,press,pallet_done,pallet=103;buffer=0
5035.00,sorting,sort_done,truck=32
5040.00,inbound,arrive,truck=33
5045.00,inbound,weigh_in,truck=33
5065.00,inbound,unloaded,truck=33
5070.00,inbound,depart,truck=33
5075.00,press,pallet_done,pallet=104;buffer=0
5095.00,sorting,sort_done,truck=33
5100.00,inbound,arrive,truck=34
5104.72,outbound,arrive,truck=47;load_kind=scr
5105.00,inbound,weigh_in,truck=34
5110.63,outbound,arrive,truck=48;load_kind=scr
5117.50,press,pallet_done,pallet=105;buffer=0
5125.00,inbound,unloaded,truck=34
5127.00,outbound,depart,truck=47;load_kind=scr;ton=20.0
5132.00,inbound,depart,truck=34
5137.00,outbound,depart,truck=48;load_kind=scr;ton=20.0
5155.00,sorting,sort_done,truck=34
5160.00,inbound,arrive,truck=35
5160.00,press,pallet_done,pallet=106;buffer=0
5165.00,inbound,weigh_in,truck=35
5185.00,inbound,unloaded,truck=35
5190.00,inbound,depart,truck=35
5202.50,press,pallet_done,pallet=107;buffer=0
5215.00,sorting,sort_done,truck=35
5220.00,inbound,arrive,truck=36
5225.00,inbound,weigh_in,truck=36
5245.00,inbound,unloaded,truck=36
5245.00,press,pallet_done,pallet=108;buffer=0
5250.00,inbound,depart,truck=36
5275.00,sorting,sort_done,truck=36
5280.00,inbound,arrive,truck=37
5285.00,inbound,weigh_in,truck=37
5287.50,press,pallet_done,pallet=109;buffer=0
5305.00,inbound,unloaded,truck=37
5310.00,inbound,depart,truck=37
5330.00,press,pallet_done,pallet=110;buffer=0
5335.00,sorting,sort_done,truck=37
5340.00,inbound,arrive,truck=38
5345.00,inbound,weigh_in,truck=38
5365.00,inbound,unloaded,truck=38
5370.00,inbound,depart,truck=38
5372.50,press,pallet_done,pallet=111;buffer=0
5395.00,sorting,sort_done,truck=38
5400.00,inbound,arrive,truck=39
5405.00,inbound,weigh_in,truck=39
5415.00,press,pallet_done,pallet=112;buffer=0
5425.00,inbound,unloaded,truck=39
5430.00,inbound,depart,truck=39
5455.00,sorting,sort_done,truck=39
5457.50,press,pallet_done,pallet=113;buffer=0
5460.00,inbound,arrive,truck=40
5465.00,inbound,weigh_in,truck=40
5485.00,inbound,unloaded,truck=40
5490.00,inbound,depart,truck=40
5500.00,press,pallet_done,pallet=114;buffer=0
5515.00,sorting,sort_done,truck=40
5542.50,press,pallet_done,pallet=115;buffer=0
5585.00,press,pallet_done,pallet=116;buffer=0
5610.33,outbound,arrive,truck=49;load_kind=scr
5627.50,press,pallet_done,pallet=117;buffer=0
5670.00,press,pallet_done,pallet=118;buffer=0
5712.50,press,pallet_done,pallet=119;buffer=0
5735.00,melting,melt_done,furnace=1
5755.00,press,pallet_done,pallet=120;buffer=0
5797.50,press,pallet_done,pallet=121;buffer=0
5840.00,press,pallet_done,pallet=122;buffer=0
5862.00,outbound,depart,truck=49;load_kind=scr;ton=20.0
5882.50,press,pallet_done,pallet=123;buffer=0
5885.00,casting,flake_done,furnace=1;units=24
5925.00,press,pallet_done,pallet=124;buffer=0
5929.22,outbound,arrive,truck=50;load_kind=scr
5930.26,outbound,arrive,truck=51;load_kind=scr
5951.22,outbound,depart,truck=50;load_kind=scr;ton=20.0
5962.00,outbound,depart,truck=51;load_kind=scr;ton=20.0
5965.00,casting,scr_done,furnace=1;units=14
5965.00,melting,batch_done,furnace=1
5967.50,press,pallet_done,pallet=125;buffer=0
6010.00,press,pallet_done,pallet=126;buffer=0
6033.29,outbound,arrive,truck=52;load_kind=scr
6052.50,press,pallet_done,pallet=127;buffer=0
6061.22,outbound,arrive,truck=53;load_kind=scr
6071.87,outbound,arrive,truck=54;load_kind=scr
6095.00,press,pallet_done,pallet=128;buffer=0
6126.28,outbound,arrive,truck=55;load_kind=scr
6137.50,press,pallet_done,pallet=129;buffer=0
6180.00,press,pallet_done,pallet=130;buffer=0
6222.50,press,pallet_done,pallet=131;buffer=0
6222.50,melting,batch_collected,furnace=2;pallets=32
6265.00,press,pallet_done,pallet=132;buffer=0
6288.09,outbound,depart,truck=52;load_kind=scr;ton=8.0
6307.50,press,pallet_done,pallet=133;buffer=0
6311.22,outbound,depart,truck=53;load_kind=scr;ton=0.0
6314.05,outbound,arrive,truck=56;load_kind=flake
6324.05,outbound,depart,truck=54;load_kind=scr;ton=0.0
6337.25,outbound,depart,truck=56;load_kind=flake;ton=22.0
6350.00,press,pallet_done,pallet=134;buffer=0
6360.00,inbound,arrive,truck=41
6365.00,inbound,weigh_in,truck=41
6376.28,outbound,depart,truck=55;load_kind=scr;ton=0.0
6376.54,outbound,arrive,truck=57;load_kind=flake
6382.50,melting,elevator_done,furnace=2;trips=16
6385.00,inbound,unloaded,truck=41
6390.00,inbound,depart,truck=41
6392.50,press,pallet_done,pallet=135;buffer=0
6415.00,sorting,sort_done,truck=41
6420.00,inbound,arrive,truck=42
6425.00,inbound,weigh_in,truck=42
6435.00,press,pallet_done,pallet=136;buffer=0
6445.00,inbound,unloaded,truck=42
6450.00,inbound,depart,truck=42
6475.00,sorting,sort_done,truck=42
6477.50,press,pallet_done,pallet=137;buffer=0
6480.00,inbound,arrive,truck=43
6485.00,inbound,weigh_in,truck=43
6502.50,melting,melt_start,furnace=2
6505.00,inbound,unloaded,truck=43
6510.00,inbound,depart,truck=43
6520.00,press,pallet_done,pallet=138;buffer=0
6535.00,sorting,sort_done,truck=43
6540.00,inbound,arrive,truck=44
6545.00,inbound,weigh_in,truck=44
6562.50,press,pallet_done,pallet=139;buffer=0
6565.00,inbound,unloaded,truck=44
6570.00,inbound,depart,truck=44
6595.00,sorting,sort_done,truck=44
6595.92,outbound,arrive,truck=58;load_kind=scr
6600.00,inbound,arrive,truck=45
6605.00,press,pallet_done,pallet=140;buffer=0
6605.92,inbound,weigh_in,truck=45
6625.92,inbound,unloaded,truck=45
6627.82,outbound,arrive,truck=59;load_kind=scr
6630.14,outbound,depart,truck=57;load_kind=flake;ton=6.0
6635.14,inbound,depart,truck=45
6647.50,press,pallet_done,pallet=141;buffer=0
6655.92,sorting,sort_done,truck=45
6660.00,inbound,arrive,truck=46
6665.00,inbound,weigh_in,truck=46
6685.00,inbound,unloaded,truck=46
6690.00,inbound,depart,truck=46
6690.00,press,pallet_done,pallet=142;buffer=0
6712.33,outbound,arrive,truck=60;load_kind=flake
6715.00,sorting,sort_done,truck=46
6720.00,inbound,arrive,truck=47
6725.00,inbound,weigh_in,truck=47
6732.50,press,pallet_done,pallet=143;buffer=0
6745.00,inbound,unloaded,truck=47
6750.00,inbound,depart,truck=47
6775.00,sorting,sort_done,truck=47
6775.00,press,pallet_done,pallet=144;buffer=0
6780.00,inbound,arrive,truck=48
6785.00,inbound,weigh_in,truck=48
6805.00,inbound,unloaded,truck=48
6810.00,inbound,depart,truck=48
6817.50,press,pallet_done,pallet=145;buffer=0
6835.00,sorting,sort_done,truck=48
6840.00,inbound,arrive,truck=49
6841.72,outbound,arrive,truck=61;load_kind=scr
6845.00,inbound,weigh_in,truck=49
6850.00,outbound,depart,truck=58;load_kind=scr;ton=0.0
6860.00,press,pallet_done,pallet=146;buffer=0
6865.00,inbound,unloaded,truck=49
6870.00,inbound,depart,truck=49
6885.14,outbound,depart,truck=59;load_kind=scr;ton=0.0
6895.00,sorting,sort_done,truck=49
6900.00,inbound,arrive,truck=50
6902.50,press,pallet_done,pallet=147;buffer=0
6905.00,inbound,weigh_in,truck=50
6925.00,inbound,unloaded,truck=50
6930.00,inbound,depart,truck=50
6945.00,press,pallet_done,pallet=148;buffer=0
6955.00,sorting,sort_done,truck=50
6962.33,outbound,depart,truck=60;load_kind=flake;ton=0.0
6977.43,outbound,arrive,truck=62;load_kind=scr
6977.48,outbound,arrive,truck=63;load_kind=scr
6979.25,outbound,arrive,truck=64;load_kind=scr
6987.50,press,pallet_done,pallet=149;buffer=0
7030.00,press,pallet_done,pallet=150;buffer=0
7072.50,press,pallet_done,pallet=151;buffer=0
7100.00,outbound,depart,truck=61;load_kind=scr;ton=0.0
7115.00,press,pallet_done,pallet=152;buffer=0
7157.50,press,pallet_done,pallet=153;buffer=0
7169.12,outbound,arrive,truck=65;load_kind=scr
7200.00,press,pallet_done,pallet=154;buffer=0
7202.19,outbound,arrive,truck=66;load_kind=flake
7222.50,melting,melt_done,furnace=2
7227.43,outbound,depart,truck=62;load_kind=scr;ton=0.0
7232.43,outbound,depart,truck=63;load_kind=scr;ton=0.0
7237.43,outbound,depart,truck=64;load_kind=scr;ton=0.0
7242.50,press,pallet_done,pallet=155;buffer=0
7285.00,press,pallet_done,pallet=156;buffer=0
7327.50,press,pallet_done,pallet=157;buffer=0
7370.00,press,pallet_done,pallet=158;buffer=0
7372.50,casting,flake_done,furnace=2;units=24
7379.50,outbound,depart,truck=65;load_kind=scr;ton=20.0
7385.70,outbound,depart,truck=66;load_kind=flake;ton=22.0
7391.53,outbound,arrive,truck=67;load_kind=scr
7399.59,outbound,arrive,truck=68;load_kind=scr
7406.05,outbound,arrive,truck=69;load_kind=scr
7412.50,press,pallet_done,pallet=159;buffer=0
7429.50,outbound,depart,truck=67;load_kind=scr;ton=20.0
7452.50,casting,scr_done,furnace=2;units=14
7452.50,melting,batch_done,furnace=2
7455.00,press,pallet_done,pallet=160;buffer=0
7455.00,melting,batch_collected,furnace=1;pallets=32
7497.50,press,pallet_done,pallet=161;buffer=0
7536.70,outbound,arrive,truck=70;load_kind=flake
7540.00,press,pallet_done,pallet=162;buffer=0
7582.50,press,pallet_done,pallet=163;buffer=0
7594.74,outbound,arrive,truck=71;load_kind=scr
7615.00,melting,elevator_done,furnace=1;trips=16
7622.46,outbound,arrive,truck=72;load_kind=scr
7625.00,press,pallet_done,pallet=164;buffer=0
7654.39,outbound,depart,truck=68;load_kind=scr;ton=8.0
7660.85,outbound,depart,truck=69;load_kind=scr;ton=8.0
7667.50,press,pallet_done,pallet=165;buffer=0
7671.97,outbound,arrive,truck=73;load_kind=flake
7710.00,press,pallet_done,pallet=166;buffer=0
7735.00,melting,melt_start,furnace=1
7741.72,outbound,arrive,truck=74;load_kind=scr
7752.50,press,pallet_done,pallet=167;buffer=0
7761.94,outbound,arrive,truck=75;load_kind=scr
7787.90,outbound,depart,truck=70;load_kind=flake;ton=2.0
7795.00,press,pallet_done,pallet=168;buffer=0
7800.00,inbound,arrive,truck=51
7805.00,inbound,weigh_in,truck=51
7825.00,inbound,unloaded,truck=51
7830.00,inbound,depart,truck=51
7837.50,press,pallet_done,pallet=169;buffer=0
7844.74,outbound,depart,truck=71;load_kind=scr;ton=0.0
7855.00,sorting,sort_done,truck=51
7860.00,inbound,arrive,truck=52
7865.00,inbound,weigh_in,truck=52
7872.46,outbound,depart,truck=72;load_kind=scr;ton=0.0
7880.00,press,pallet_done,pallet=170;buffer=0
7885.00,inbound,unloaded,truck=52
7890.00,inbound,depart,truck=52
7915.00,sorting,sort_done,truck=52
7920.00,inbound,arrive,truck=53
7921.97,outbound,depart,truck=73;load_kind=flake;ton=0.0
7922.50,press,pallet_done,pallet=171;buffer=0
7926.97,inbound,weigh_in,truck=53
7946.97,inbound,unloaded,truck=53
7951.97,inbound,depart,truck=53
7965.00,press,pallet_done,pallet=172;buffer=0
7976.97,sorting,sort_done,truck=53
7980.00,inbound,arrive,truck=54
7985.00,inbound,weigh_in,truck=54
7991.72,outbound,depart,truck=74;load_kind=scr;ton=0.0
8005.00,inbound,unloaded,truck=54
8007.50,press,pallet_done,pallet=173;buffer=0
8010.00,inbound,depart,truck=54
8015.00,outbound,depart,truck=75;load_kind=scr;ton=0.0
8035.00,sorting,sort_done,truck=54
8040.00,inbound,arrive,truck=55
8045.00,inbound,weigh_in,truck=55
8050.00,press,pallet_done,pallet=174;buffer=0
8065.00,inbound,unloaded,truck=55
8070.00,inbound,depart,truck=55
8092.50,press,pallet_done,pallet=175;buffer=0
8095.00,sorting,sort_done,truck=55
8100.00,inbound,arrive,truck=56
8105.00,inbound,weigh_in,truck=56
8125.00,inbound,unloaded,truck=56
8130.00,inbound,depart,truck=56
8135.00,press,pallet_done,pallet=176;buffer=0
8155.00,sorting,sort_done,truck=56
8160.00,inbound,arrive,truck=57
8165.00,inbound,weigh_in,truck=57
8177.50,press,pallet_done,pallet=177;buffer=0
8185.00,inbound,unloaded,truck=57
8190.00,inbound,depart,truck=57
8215.00,sorting,sort_done,truck=57
8220.00,inbound,arrive,truck=58
8220.00,press,pallet_done,pallet=178;buffer=0
8225.00,inbound,weigh_in,truck=58
8241.52,outbound,arrive,truck=76;load_kind=scr
8245.00,inbound,unloaded,truck=58
8251.52,inbound,depart,truck=58
8262.50,press,pallet_done,pallet=179;buffer=0
8275.00,sorting,sort_done,truck=58
8280.00,inbound,arrive,truck=59
8285.00,inbound,weigh_in,truck=59
8293.39,outbound,arrive,truck=77;load_kind=scr
8305.00,inbound,unloaded,truck=59
8305.00,press,pallet_done,pallet=180;buffer=0
8305.00,outbound,arrive,truck=78;load_kind=flake
8310.00,inbound,depart,truck=59
8335.00,sorting,sort_done,truck=59
8340.00,inbound,arrive,truck=60
8342.14,outbound,arrive,truck=79;load_kind=scr
8345.00,inbound,weigh_in,truck=60
8347.50,press,pallet_done,pallet=181;buffer=0
8365.00,inbound,unloaded,truck=60
8365.67,outbound,arrive,truck=80;load_kind=flake
8370.00,inbound,depart,truck=60
8372.30,outbound,arrive,truck=81;load_kind=scr
8390.00,press,pallet_done,pallet=182;buffer=0
8395.00,sorting,sort_done,truck=60
8395.70,outbound,arrive,truck=82;load_kind=scr
8432.50,press,pallet_done,pallet=183;buffer=0
8455.00,melting,melt_done,furnace=1
8475.00,press,pallet_done,pallet=184;buffer=0
8491.52,outbound,depart,truck=76;load_kind=scr;ton=0.0
8517.50,press,pallet_done,pallet=185;buffer=0
8543.39,outbound,depart,truck=77;load_kind=scr;ton=0.0
8560.00,press,pallet_done,pallet=186;buffer=0
8561.20,outbound,depart,truck=78;load_kind=flake;ton=2.0
8572.42,outbound,arrive,truck=83;load_kind=flake
8596.88,outbound,arrive,truck=84;load_kind=scr
8599.80,outbound,depart,truck=79;load_kind=scr;ton=8.0
8602.50,press,pallet_done,pallet=187;buffer=0
8605.00,casting,flake_done,furnace=1;units=24
8618.58,outbound,arrive,truck=85;load_kind=flake
8629.60,outbound,depart,truck=80;load_kind=flake;ton=16.0
8634.60,outbound,depart,truck=81;load_kind=scr;ton=12.0
8645.00,press,pallet_done,pallet=188;buffer=0
8652.90,outbound,depart,truck=82;load_kind=scr;ton=12.0
8685.00,casting,scr_done,furnace=1;units=14
8685.00,melting,batch_done,furnace=1
8687.50,press,pallet_done,pallet=189;buffer=0
8692.00,outbound,depart,truck=84;load_kind=scr;ton=20.0
8730.00,press,pallet_done,pallet=190;buffer=0
8772.50,press,pallet_done,pallet=191;buffer=0
8815.00,press,pallet_done,pallet=192;buffer=0
8826.02,outbound,depart,truck=83;load_kind=flake;ton=6.0
8857.50,press,pallet_done,pallet=193;buffer=0
8865.30,outbound,arrive,truck=86;load_kind=scr
8868.58,outbound,depart,truck=85;load_kind=flake;ton=0.0
8900.00,press,pallet_done,pallet=194;buffer=0
8922.89,outbound,arrive,truck=87;load_kind=scr
8942.50,press,pallet_done,pallet=195;buffer=0
8942.50,melting,batch_collected,furnace=2;pallets=32
8985.00,press,pallet_done,pallet=196;buffer=0
9027.50,press,pallet_done,pallet=197;buffer=0
9070.00,press,pallet_done,pallet=198;buffer=0
9071.18,outbound,arrive,truck=88;load_kind=flake
9080.35,outbound,arrive,truck=89;load_kind=scr
9102.50,melting,elevator_done,furnace=2;trips=16
9112.50,press,pallet_done,pallet=199;buffer=0
9120.98,outbound,depart,truck=86;load_kind=scr;ton=4.0
9129.94,outbound,arrive,truck=90;load_kind=scr
9155.00,press,pallet_done,pallet=200;buffer=0
9172.89,outbound,depart,truck=87;load_kind=scr;ton=0.0
9197.50,press,pallet_done,pallet=201;buffer=0
9222.50,melting,melt_start,furnace=2
9240.00,inbound,arrive,truck=61
9240.00,press,pallet_done,pallet=202;buffer=0
9245.00,inbound,weigh_in,truck=61
9247.47,outbound,arrive,truck=91;load_kind=scr
9265.00,inbound,unloaded,truck=61
9270.00,inbound,depart,truck=61
9282.50,press,pallet_done,pallet=203;buffer=0
9295.00,sorting,sort_done,truck=61
9300.00,inbound,arrive,truck=62
9305.00,inbound,weigh_in,truck=62
9321.18,outbound,depart,truck=88;load_kind=flake;ton=0.0
9325.00,inbound,unloaded,truck=62
9325.00,press,pallet_done,pallet=204;buffer=0
9330.00,inbound,depart,truck=62
9335.00,outbound,depart,truck=89;load_kind=scr;ton=0.0
9355.00,sorting,sort_done,truck=62
9360.00,inbound,arrive,truck=63
9365.00,inbound,weigh_in,truck=63
9367.50,press,pallet_done,pallet=205;buffer=0
9379.94,outbound,depart,truck=90;load_kind=scr;ton=0.0
9385.00,inbound,unloaded,truck=63
9390.00,inbound,depart,truck=63
9410.00,press,pallet_done,pallet=206;buffer=0
9415.00,sorting,sort_done,truck=63
9420.00,inbound,arrive,truck=64
9425.00,inbound,weigh_in,truck=64
9445.00,inbound,unloaded,truck=64
9450.00,inbound,depart,truck=64
9452.50,press,pallet_done,pallet=207;buffer=0
9475.00,sorting,sort_done,truck=64
9480.00,inbound,arrive,truck=65
9485.00,inbound,weigh_in,truck=65
9495.00,press,pallet_done,pallet=208;buffer=0
9497.47,outbound,depart,truck=91;load_kind=scr;ton=0.0
9505.00,inbound,unloaded,truck=65
9510.00,inbound,depart,truck=65
9535.00,sorting,sort_done,truck=65
9537.50,press,pallet_done,pallet=209;buffer=0
9540.00,inbound,arrive,truck=66
9545.00,inbound,weigh_in,truck=66
9565.00,inbound,unloaded,truck=66
9570.00,inbound,depart,truck=66
9580.00,press,pallet_done,pallet=210;buffer=0
9595.00,sorting,sort_done,truck=66
9600.00,inbound,arrive,truck=67
9605.00,inbound,weigh_in,truck=67
9620.57,outbound,arrive,truck=92;load_kind=flake
9622.50,press,pallet_done,pallet=211;buffer=0
9625.00,inbound,unloaded,truck=67
9630.57,inbound,depart,truck=67
9655.00,sorting,sort_done,truck=67
9660.00,inbound,arrive,truck=68
9665.00,inbound,weigh_in,truck=68
9665.00,press,pallet_done,pallet=212;buffer=0
9666.94,outbound,arrive,truck=93;load_kind=scr
9685.00,inbound,unloaded,truck=68
9690.00,inbound,depart,truck=68
9707.50,press,pallet_done,pallet=213;buffer=0
9715.00,sorting,sort_done,truck=68
9720.00,inbound,arrive,truck=69
9725.00,inbound,weigh_in,truck=69
9745.00,inbound,unloaded,truck=69
9750.00,inbound,depart,truck=69
9750.00,press,pallet_done,pallet=214;buffer=0
9775.00,sorting,sort_done,truck=69
9780.00,inbound,arrive,truck=70
9785.00,inbound,weigh_in,truck=70
9792.50,press,pallet_done,pallet=215;buffer=0
9805.00,inbound,unloaded,truck=70
9810.00,inbound,depart,truck=70
9835.00,sorting,sort_done,truck=70
9835.00,press,pallet_done,pallet=216;buffer=0
9844.97,outbound,arrive,truck=94;load_kind=flake
9863.96,outbound,arrive,truck=95;load_kind=scr
9873.96,outbound,depart,truck=92;load_kind=flake;ton=0.0
9877.50,press,pallet_done,pallet=217;buffer=0
9913.27,outbound,arrive,truck=96;load_kind=flake
9916.94,outbound,depart,truck=93;load_kind=scr;ton=0.0
9920.00,press,pallet_done,pallet=218;buffer=0
9939.14,outbound,arrive,truck=97;load_kind=scr
9942.50,melting,melt_done,furnace=2
9962.50,press,pallet_done,pallet=219;buffer=0
9991.83,outbound,arrive,truck=98;load_kind=scr
10005.00,press,pallet_done,pallet=220;buffer=0
10047.50,press,pallet_done,pallet=221;buffer=0
10063.76,outbound,arrive,truck=99;load_kind=flake
